date,Total_Sales,Total_Gallons
2007-11-19,0,
2007-11-26,4697.64,148
2007-12-03,3233.57,88
2007-12-10,4526.86,133
2007-12-17,7291.96,250
2007-12-24,12813.24,313
2007-12-31,191.8,3
2007-12-31,1838.45,60
2008-01-07,5866.86,177
2008-01-14,6429.57,206
2008-01-21,8678.77,286
2008-01-28,4167.37,128
2008-01-28,826.23,28
2008-02-04,6314.78,246
2008-02-11,10472.98,326
2008-02-18,7918.02,203
2008-02-25,5137.51,200
2008-02-25,903.78,23
2008-03-03,7673.05,288
2008-03-10,4343.8,124
2008-03-17,8112.31,203
2008-03-24,10416.97,389
2008-03-31,2223.52,160
2008-03-31,8072.14,269
2008-04-07,8749.44,313
2008-04-14,6093.43,157
2008-04-21,7732.51,244
2008-04-28,3745.72,105
2008-04-28,2450.58,67
2008-05-05,8066.75,258
2008-05-12,7230.91,237
2008-05-19,8080.74,265
2008-05-26,6561.35,184
2008-06-02,7007.43,247
2008-06-09,9467.75,312
2008-06-16,8570.11,326
2008-06-23,9278.15,296
2008-06-30,2112.88,66
2008-06-30,4722.83,146
2008-07-07,9338.59,295
2008-07-14,10700.75,495
2008-07-21,7910.19,254
2008-07-28,7208.03,337
2008-07-28,1020.27,26
2008-08-04,6034,181
2008-08-11,8620.77,415
2008-08-18,6548.22,202
2008-08-25,6689.16,240
2008-09-01,4490.09,166
2008-09-08,5146.23,133
2008-09-15,8455.88,256
2008-09-22,11401.65,494
2008-09-29,1373.22,35
2008-09-29,2596.71,178
2008-10-06,5159.75,142
2008-10-13,5874.58,142
2008-10-20,4965.32,107
2008-10-27,6486.15,266
2008-11-03,3750.42,89
2008-11-10,6410.52,176
2008-11-17,5246.42,143
2008-11-24,2452.37,64
2008-12-01,5965.4,149
2008-12-08,4569.98,121
2008-12-15,5077.96,166
2008-12-22,1938.32,75
2008-12-29,2138.09,90
2008-12-29,756.92,27
2009-01-05,6308.17,192
2009-01-12,5110.4,141
2009-01-19,6298.37,233
2009-01-26,3572.2,101
2009-02-02,4171.12,167
2009-02-09,4883.19,232
2009-02-16,5376.05,248
2009-02-23,9159.31,308
2009-03-02,6976.73,252
2009-03-09,6465.53,190
2009-03-16,5604.9,255
2009-03-23,4898.28,114
2009-03-30,1620.02,38
2009-03-30,3175.38,141
2009-04-06,6969.2,242
2009-04-13,7912.89,279
2009-04-20,6386.68,214
2009-04-27,2016.79,53
2009-04-27,1713.71,130
2009-05-04,6802.54,175
2009-05-11,6579.93,190
2009-05-18,7404.28,179
2009-05-25,6664.57,263
2009-06-01,6274.15,217
2009-06-08,5951.56,181
2009-06-15,9921.05,288
2009-06-22,7034.66,228
2009-06-29,2058.76,162
2009-06-29,3850.53,116
2009-07-06,4501.18,144
2009-07-13,6182.88,196
2009-07-20,6378.22,238
2009-07-27,5282.88,230
2009-08-03,7981.7,258
2009-08-10,14504.74,1306
2009-08-17,7384.14,326
2009-08-24,10959.08,431
2009-08-31,1997.28,75
2009-08-31,6681.19,340
2009-09-07,5828.82,174
2009-09-14,5176.86,182
2009-09-21,4644.07,187
2009-09-28,4639.87,195
2009-09-28,2915.45,210
2009-10-05,4174.77,161
2009-10-12,3953.82,131
2009-10-19,6790.61,331
2009-10-26,4496.85,184
2009-11-02,6589.63,294
2009-11-09,6833.16,276
2009-11-16,6874.47,299
2009-11-23,7190.36,319
2009-11-30,1376.63,38
2009-11-30,2174.6,53
2009-12-07,5472.47,187
2009-12-14,4231.15,160
2009-12-21,2180.44,85
2009-12-28,3494.08,122
2010-01-11,3646.3,135
2010-01-18,5647.54,195
2010-01-25,6589.93,324
2010-02-01,5214.27,211
2010-02-08,5734.27,192
2010-02-15,3995.76,135
2010-02-22,4786.88,135
2010-03-01,7495.4,526
2010-03-08,4953.88,152
2010-03-15,6771.4,236
2010-03-22,5382.06,242
2010-03-29,5231.44,231
2010-04-05,3862.7,116
2010-04-05,3565.83,236
2010-04-12,7244.18,236
2010-04-19,6089.18,190
2010-04-26,5788.55,198
2010-05-03,5963.71,212
2010-05-10,6337.64,205
2010-05-17,7625.19,356
2010-05-24,7414.19,279
2010-05-31,8224.01,345
2010-06-07,10713.61,392
2010-06-14,11604.51,470
2010-06-21,9063.75,350
2010-06-28,7497.71,324
2010-07-05,2768.88,82
2010-07-05,3431.79,93
2010-07-12,6649.25,222
2010-07-19,9411.93,468
2010-07-26,9185.8,453
2010-08-02,7307.63,318
2010-08-09,8784.47,262
2010-08-16,7955.01,260
2010-08-23,6639.85,313
2010-08-30,8113.14,431
2010-09-06,3276.9,129
2010-09-06,3529.74,92
2010-09-13,4296.96,131
2010-09-20,5188.33,181
2010-09-27,6481.81,192
2010-10-04,6357.32,268
2010-10-04,698.78,21
2010-10-11,6792.02,253
2010-10-18,4715.98,194
2010-10-25,7305.45,269
2010-11-01,9154.05,361
2010-11-08,5336.44,230
2010-11-15,6384.98,333
2010-11-22,6346.75,201
2010-11-29,4932.91,208
2010-12-06,2253.51,98
2010-12-06,3389.85,106
2010-12-13,4691.69,116
2010-12-20,5512.9,153
2010-12-27,3688.36,129
2011-01-03,2778.61,151
2011-01-10,5704.92,183
2011-01-17,4039.83,125
2011-01-24,4200.09,200
2011-01-31,6010.56,227
2011-02-07,1488.75,39
2011-02-07,1572.98,49
2011-02-14,2909.08,99
2011-02-21,5405.74,183
2011-02-28,5625.74,242
2011-03-07,1149.16,40
2011-03-07,3077.26,121
2011-03-14,9822.98,284
2011-03-21,6835.78,216
2011-03-28,9291.04,308
2011-04-04,8638.27,379
2011-04-04,2656.01,118
2011-04-11,4371.68,135
2011-04-18,6826.79,198
2011-04-25,4776.44,129
2011-05-02,5553.99,190
2011-05-09,7772.95,187
2011-05-16,6946.12,231
2011-05-23,12297.67,284
2011-05-30,8228.67,249
2011-06-06,1787.57,61
2011-06-06,3655.98,87
2011-06-13,5784.81,195
2011-06-20,7860.29,308
2011-06-27,6615.78,159
2011-07-04,8304.83,219
2011-07-04,1327.72,39
2011-07-11,7846.06,295
2011-07-18,7662.47,259
2011-07-25,7317.08,249
2011-08-01,6230.62,196
2011-08-08,8134.18,281
2011-08-15,8322.5,213
2011-08-22,9510.35,404
2011-08-29,5337.08,149
2011-09-05,1860.85,56
2011-09-05,2682.25,72
2011-09-12,2550.28,72
2011-09-19,6212.38,240
2011-09-26,5114.4,131
2011-10-03,6489.11,305
2011-10-10,11843.28,522
2011-10-17,6536.97,179
2011-10-24,5280.71,194
2011-10-31,6937.2,270
2011-11-07,2095.93,122
2011-11-07,4206.58,138
2011-11-14,5664.1,174
2011-11-21,7216.41,185
2011-11-28,4134.35,119
2011-12-05,4089.06,175
2011-12-05,1260.28,45
2011-12-12,4098.91,114
2011-12-19,3699.06,119
2011-12-26,2433.99,54
2012-01-02,3961.41,100
2012-01-02,4461.91,88
2012-01-09,3900.35,72
2012-01-16,3685.75,90
2012-01-23,3423.01,66
2012-01-30,1111.02,30
2012-01-30,1546.15,30
2012-02-06,3664.26,77
2012-02-13,5592.77,200
2012-02-20,5375.23,156
2012-02-27,4677.74,106
2012-02-27,3297.9,73
2012-03-05,5646.5,223
2012-03-12,4006.98,104
2012-03-19,3342.26,79
2012-03-26,4707.07,161
2012-04-02,5333.45,140
2012-04-09,9003.13,233
2012-04-16,12175.58,454
2012-04-23,7166.09,145
2012-04-30,1097.47,18
2012-04-30,3322.38,92
2012-05-07,6776.9,296
2012-05-14,8505.1,297
2012-05-21,9289.84,405
2012-05-28,4470.26,141
2012-05-28,685.75,5
2012-06-04,9325.53,316
2012-06-11,9584.99,304
2012-06-18,9908.68,375
2012-06-25,9343.21,222
2012-07-02,3862.2,56
2012-07-09,8422.28,249
2012-07-16,10786.8,281
2012-07-23,6043.37,119
2012-07-30,4388.47,169
2012-07-30,7490.29,168
2012-08-06,14549.56,464
2012-08-13,10381.33,310
2012-08-20,4967.27,180
2012-08-27,12182.16,486
2012-09-03,4761.07,160
2012-09-10,6343.48,171
2012-09-17,3733.61,103
2012-09-24,5866.54,166
2012-10-01,4903.08,188
2012-10-08,5563.85,120
2012-10-15,5591.77,151
2012-10-22,9438.17,226
2012-10-29,2754.81,53
2012-10-29,2234.44,60
2012-11-05,9810.62,280
2012-11-12,5390.37,147
2012-11-19,2600.91,114
2012-11-26,5182.54,166
2012-12-03,4688.86,108
2012-12-10,6600.33,224
2012-12-17,6503.85,169
2012-12-24,2262.07,60
2012-12-31,142.66,3
2012-12-31,1558.03,29
2013-01-07,3471.13,68
2013-01-14,4119.74,119
2013-01-21,5861.67,92
2013-01-28,3596.57,67
2013-01-28,1082.57,27
2013-02-04,5455.77,207
2013-02-11,4391.75,92
2013-02-18,4921.88,105
2013-02-25,4009.44,140
2013-02-25,668.53,8
2013-03-04,6124.1,194
2013-03-11,9917.56,242
2013-03-18,7691.39,171
2013-03-25,9401.36,229
2013-04-01,3867.09,118
2013-04-08,3460.18,72
2013-04-15,3868.24,65
2013-04-22,4793.52,202
2013-04-29,2599.28,84
2013-04-29,2565.11,65
2013-05-06,9154.5,141
2013-05-13,8119.11,191
2013-05-20,13357.31,324
2013-05-27,7175.16,183
2013-06-03,8979.49,245
2013-06-10,8368.28,197
2013-06-17,8219.33,192
2013-06-24,5692.38,114
2013-07-01,6706.35,151
2013-07-08,6105.75,120
2013-07-15,6289.84,122
2013-07-22,7836.37,175
2013-07-29,3831.16,137
2013-07-29,5428.72,138
2013-08-05,8668.56,181
2013-08-12,5056.37,97
2013-08-19,5635.84,195
2013-08-26,8852.28,336
2013-09-02,4864.19,135
2013-09-09,5481.4,142
2013-09-16,7293.66,207
2013-09-23,6961.74,185
2013-09-30,1855.29,30
2013-09-30,5217.09,158
2013-10-07,4699.7,71
2013-10-14,3936.09,67
2013-10-21,6242.56,162
2013-10-28,6971.02,187
2013-10-28,973.56,13
2013-11-04,8834.6,193
2013-11-11,8152.74,192
2013-11-18,4891.75,129
2013-11-25,3181.25,58
2013-12-02,6219.17,194
2013-12-09,4842.63,121
2013-12-16,4819.89,156
2013-12-23,2014.67,35
2013-12-30,2420.31,52
2013-12-30,2204.8,53
2014-01-06,4420.34,75
2014-01-13,8775.73,248
2014-01-20,5623.89,124
2014-01-27,6754.09,204
2014-02-03,4396.37,87
2014-02-10,5450.77,172
2014-02-17,4843.97,105
2014-02-24,3971.78,87
2014-03-03,8621.38,207
2014-03-10,9540.59,248
2014-03-17,10067.61,248
2014-03-24,7489.36,159
2014-03-31,2343.13,60
2014-03-31,5374.54,102
2014-04-07,10220.06,231
2014-04-14,8684.26,233
2014-04-21,10022.52,236
2014-04-28,6689.42,129
2014-04-28,8553.73,162
2014-05-05,11042.62,253
2014-05-12,7192.61,180
2014-05-19,10414.61,234
2014-05-26,7852.22,221
2014-06-02,15113.64,328
2014-06-09,10149.4,281
2014-06-16,10168.67,243
2014-06-23,14335.12,360
2014-06-30,2775.97,73
2014-06-30,8263.46,244
2014-07-07,17568.24,543
2014-07-14,9891.73,207
2014-07-21,8806.96,187
2014-07-28,8008.84,163
2014-07-28,3600.89,93
2014-08-04,13235.03,344
2014-08-11,11959.58,245
2014-08-18,15350.68,415
2014-08-25,14699.74,358
2014-09-01,8184.71,197
2014-09-08,9055.79,209
2014-09-15,15047.07,359
2014-09-22,11222.72,228
2014-09-29,5131.08,146
2014-09-29,4790.37,136
2014-10-06,9736.15,251
2014-10-13,9773.52,272
2014-10-20,9002.95,220
2014-10-27,10900.46,175
2014-10-27,114.38,2
2014-11-03,8537.73,225
2014-11-10,8467.78,195
2014-11-17,7722.27,162
2014-11-24,5222.64,204
2014-12-01,6688.08,204
2014-12-08,8578.35,225
2014-12-15,12128.42,369
2014-12-22,2257.41,48
2014-12-29,3138.78,80
2014-12-29,1151.76,20
2015-01-05,6794.11,144
2015-01-12,7132.97,172
2015-01-19,4699.09,107
2015-01-26,11323.35,261
2015-02-02,9712.88,257
2015-02-09,11752.92,287
2015-02-16,9720.24,267
2015-02-23,6166.71,188
2015-03-02,8242.49,163
2015-03-09,13169.55,339
2015-03-16,12210.37,364
2015-03-23,17033.85,430
2015-03-30,11692.92,415
2015-03-30,9455.89,235
2015-04-06,7635.5,67
2015-04-13,14596.08,360
2015-04-20,14321.85,323
2015-04-27,8726.13,226
2015-04-27,2167.22,39
2015-05-04,10390.36,255
2015-05-11,15156.03,324
2015-05-18,15240.38,419
2015-05-25,18747.28,512
2015-06-01,15735.48,370
2015-06-08,17935.24,401
2015-06-15,18588.92,466
2015-06-22,13245.54,329
2015-06-29,5858.17,143
2015-06-29,8708.18,195
2015-07-06,13935.71,376
2015-07-13,16330.13,393
2015-07-20,8915.67,357
2015-07-27,12358.42,272
2015-07-27,728.27,14
2015-08-03,12579.28,336
2015-08-10,16206.23,424
2015-08-17,10697.33,302
2015-08-24,13323.08,449
2015-08-31,1879.05,64
2015-08-31,11344.47,345
2015-09-07,12731.43,323
2015-09-14,14366.97,329
2015-09-21,16148.44,546
2015-09-28,11084.68,381
2015-09-28,7603.36,170
2015-10-05,20109.3,643
2015-10-12,13495.93,336
2015-10-19,12181.14,330
2015-10-26,10638.43,291
2015-11-02,11626.67,383
2015-11-09,15610.51,460
2015-11-16,11514,332
2015-11-23,10085.85,308
2015-11-30,610.96,9
2015-11-30,7284.87,179
2015-12-07,12709.15,314
2015-12-14,9746.46,295
2015-12-21,9480.77,235
2015-12-28,12479.79,195
2016-01-04,364.33,5
2016-01-11,12629.32,591
2016-01-18,13874.04,542
2016-01-25,11119.76,377
2016-02-01,15670.32,638
2016-02-08,11278.87,453
2016-02-15,14498.52,550
2016-02-22,15377.85,635
2016-02-29,20953.83,867
2016-03-07,3806.09,119
2016-03-07,15217.39,481
2016-03-14,12032.95,359
2016-03-21,15151.08,455
2016-03-28,14001.38,490
2016-04-04,7267.07,212
2016-04-04,3959.98,100
2016-04-11,14050.6,421
2016-04-18,17244.82,531
2016-04-25,13820.97,386
2016-05-02,10838.02,329
2016-05-09,15348.87,469
2016-05-16,14327.35,377
2016-05-23,13673.34,459
2016-05-30,10485.42,305
2016-06-06,1898.37,53
2016-06-06,8121.41,233
2016-06-13,15531.98,439
2016-06-20,21222.26,372
2016-06-27,14026.6,305
2016-07-04,11964.39,336
2016-07-04,3579.63,126
2016-07-11,9169.53,318
2016-07-18,13629.88,457
2016-07-25,15225.04,613
2016-08-01,9936.76,279
2016-08-08,18666.51,472
2016-08-15,13383.57,328
2016-08-22,13647.1,476
2016-08-29,16116.9,495
2016-09-05,5995.01,198
2016-09-05,8260.74,254
2016-09-12,10708.54,270
2016-09-19,17871.6,561
2016-09-26,14391.24,510
2016-10-03,11721.72,472
2016-10-03,1753.8,45
2016-10-10,16123.96,463
2016-10-17,15976.81,440
2016-10-24,16376.13,506
2016-10-31,12871.7,443
2016-11-07,3399.69,121
2016-11-07,10189.34,306
2016-11-14,10843.25,330
2016-11-21,17359.23,461
2016-11-28,12068.93,339
2016-12-05,9584.32,266
2016-12-05,6842.2,211
2016-12-12,12312.29,353
2016-12-19,15641.38,428
2016-12-26,9691.2,283
2017-01-02,9262.29,304
2017-01-02,8926.89,255
2017-01-09,16937.95,455
2017-01-16,11536.01,284
2017-01-23,20228.47,593
2017-01-30,4493.38,118
2017-01-30,7663.04,212
2017-02-06,11242.75,280
2017-02-13,11395.28,382
2017-02-20,12052.67,362
2017-02-27,3928.55,102
2017-02-27,8484.63,239
2017-03-06,15298.64,413
2017-03-13,16143.48,393
2017-03-20,13255.96,386
2017-03-27,10088.65,245
2017-03-27,429.79,8
2017-04-03,11252.24,328
2017-04-10,11795.09,313
2017-04-17,16738.62,411
2017-04-24,10537.63,286
2017-05-01,15815.11,482
2017-05-08,15845.57,380
2017-05-15,15919.48,462
2017-05-22,16458.86,510
2017-05-29,4224.05,144
2017-05-29,6963.33,214
2017-06-05,13260.65,340
2017-06-12,13009.14,325
2017-06-19,16608.82,447
2017-06-26,14648.65,356
2017-06-26,1149.57,28
2017-07-03,13059.75,394
2017-07-10,10986.18,333
2017-07-17,12705.96,318
2017-07-24,12521.28,386
2017-07-31,3101.48,80
2017-07-31,10700.89,333
2017-08-07,18202.31,711
2017-08-14,15290.8,558
2017-08-21,8521.9,218
2017-08-28,7736.38,180
2017-08-28,2137.65,44
2017-09-04,9154.44,275
2017-09-11,9073.43,279
2017-09-18,8072.83,219
2017-09-25,6821.35,179
2017-10-02,17026.88,612
2017-10-09,18377.02,565
2017-10-16,11606.63,275
2017-10-23,15814.38,465
2017-10-30,7882.54,213
2017-10-30,12337.39,313
2017-11-06,20561.45,581
2017-11-13,18623.6,521
2017-11-20,14660.6,323
2017-11-27,17596.73,506
2017-11-27,5839.04,160
2017-12-04,15254.29,421
2017-12-11,13786.33,427
2017-12-18,12364.22,362
2017-12-25,13169.98,403
2018-01-01,11380.41,320
2018-01-08,13406.86,337
2018-01-15,15469.3,469
2018-01-22,17926.75,485
2018-01-29,8940.1,234
2018-01-29,6093.79,145
2018-02-05,17306.92,483
2018-02-12,25009.02,680
2018-02-19,20239.64,607
2018-02-26,7919.88,204
2018-02-26,10948.78,294
2018-03-05,20067.93,483
2018-03-12,20723.26,513
2018-03-19,21994.32,541
2018-03-26,20124.14,547
2018-04-02,18393.78,454
2018-04-09,21549.88,564
2018-04-16,23658.97,682
2018-04-23,24045.34,585
2018-04-30,3036.83,96
2018-04-30,15268.26,394
2018-05-07,22354.33,614
2018-05-14,20609.52,475
2018-05-21,20498.33,623
2018-05-28,9948.84,250
2018-05-28,3960.26,91
2018-06-04,18626.18,404
2018-06-11,25131.1,601
2018-06-18,22667.51,636
2018-06-25,21497.22,543
2018-07-02,22581.64,511
2018-07-09,22251.52,630
2018-07-16,18634.96,388
2018-07-23,20474.68,521
2018-07-30,6218.82,170
2018-07-30,15641.51,391
2018-08-06,19444.98,524
2018-08-13,17710.49,457
2018-08-20,26086.97,639
2018-08-27,21483.32,646
2018-08-27,4151.4,112
2018-09-03,21995.2,602
2018-09-10,26148.61,860
2018-09-17,27606.27,726
2018-09-24,20639.42,566
2018-10-01,28211.82,474
2018-10-08,24574.1,699
2018-10-15,18270.95,496
2018-10-22,26985.63,845
2018-10-29,11545.91,357
2018-10-29,11945.73,280
2018-11-05,21633.58,565
2018-11-12,21419.44,615
2018-11-19,16543.24,406
2018-11-26,20005.56,445
2018-11-26,2553.74,69
2018-12-03,16165.04,480
2018-12-10,17457.15,443
2018-12-17,16320.32,408
2018-12-24,11812.86,303
2018-12-31,2280.32,52
2018-12-31,8296.3,182
2019-01-07,18866.33,441
2019-01-14,16871.56,399
2019-01-21,17679.87,425
2019-01-28,11893.6,304
2019-01-28,5121.27,99
2019-02-04,17984.87,403
2019-02-11,17443.2,442
2019-02-18,17052.4,444
2019-02-25,16401.37,437
2019-02-25,8540.62,167
2019-03-04,21538.27,653
2019-03-11,22550.34,621
2019-03-18,19269.64,451
2019-03-25,24241.84,522
2019-04-01,528,
2019-04-01,21141.77,437
2019-04-08,21263.9,464
2019-04-15,19693.12,565
2019-04-22,22193.78,570
2019-04-29,9408.79,237
2019-04-29,14252.19,316
2019-05-06,21308.49,452
2019-05-13,20263.62,781
2019-05-20,28045.74,619
2019-05-27,22286.49,499
2019-05-27,1178.28,20
2019-06-03,17315.96,394
2019-06-10,26731.86,695
2019-06-17,16782.27,327
2019-06-24,21619.67,627
2019-07-01,17510.49,445
2019-07-08,22169.98,529
2019-07-15,26678.25,805
2019-07-22,17961.3,423
2019-07-29,12458.5,336
2019-07-29,9722.77,182
2019-08-05,24475.38,616
2019-08-12,13960.16,363
2019-08-19,29435.67,708
2019-08-26,26913.52,730
2019-09-02,23583.11,667
2019-09-09,28771.65,909
2019-09-16,20040.79,555
2019-09-23,28502.87,782
2019-09-30,8866.72,247
2019-09-30,18232.46,492
2019-10-07,26872.22,747
2019-10-14,40535.4,833
2019-10-21,22726.21,653
2019-10-28,14851.98,388
2019-10-28,9409.38,230
2019-11-04,20096.89,535
2019-11-11,19978.36,414
2019-11-18,26930.02,619
2019-11-25,27646.99,809
2019-12-02,17569.7,447
2019-12-09,21791.74,507
2019-12-16,19581.68,537
2019-12-23,15700.24,470
2019-12-30,9030.85,262
2019-12-30,9356.91,179
2020-01-06,21297.69,473
2020-01-13,19073.83,506
2020-01-20,34047.25,854
2020-01-27,20214.74,548
2020-01-27,1357.91,28
2020-02-03,37548.44,565
2020-02-10,15327.18,349
2020-02-17,18320.26,426
2020-02-24,17331.1,340
2020-03-02,15597.98,345
2020-03-09,22023.81,475
2020-03-16,24055.92,501
2020-03-23,20513,543
2020-03-30,5563.51,142
2020-03-30,8380.24,170
2020-04-06,20009.19,500
2020-04-13,23351.99,680
2020-04-20,19496.65,386
2020-04-27,18507.24,478
2020-04-27,14380.93,420
2020-05-04,33746.77,703
2020-05-11,23363.86,540
2020-05-18,31343.42,721
2020-05-25,16709.22,383
2020-06-01,24247.84,512
2020-06-08,23782.99,583
2020-06-15,21738.89,610
2020-06-22,23742.28,589
2020-06-29,9021.56,233
2020-06-29,14571.5,423
2020-07-06,25139.27,551
2020-07-13,24261.28,607
2020-07-20,26486.6,722
2020-07-27,18170.16,468
2020-07-27,1898.07,39
2020-08-03,19894.63,497
2020-08-10,31150.97,767
2020-08-17,21103.92,491
2020-08-24,23351.62,553
2020-08-31,9160.66,156
2020-08-31,14564.52,390
2020-09-07,20626.19,553
2020-09-14,28292.71,790
2020-09-21,25436.03,438
2020-09-28,13338.99,329
2020-09-28,11581.17,265
2020-10-05,24363.29,634
2020-10-12,23918.85,513
2020-10-19,29381.48,851
2020-10-26,23925.07,540
2020-11-02,31028.95,648
2020-11-09,35528.42,851
2020-11-16,27877.35,740
2020-11-23,15145.42,358
2020-11-30,5350.41,143
2020-11-30,13760.88,330
2020-12-07,27294.68,721
2020-12-14,22372.08,511
2020-12-21,19880.15,381
2020-12-28,25139.83,277
2021-01-04,1999.43,50
2021-01-11,20065.37,430
2021-01-18,14998.85,395
2021-01-25,16375.93,348
2021-02-01,21271.44,521
2021-02-08,22370.78,569
2021-02-15,21176.82,563
2021-02-22,3307.03,59
2021-03-01,15184.86,336
2021-03-08,21677.17,609
2021-03-15,30212.69,780
2021-03-22,23300.77,609
2021-03-29,27296.33,633
2021-04-05,18412.34,482
2021-04-05,12432.72,357
2021-04-12,23838.77,645
2021-04-19,22693.7,599
2021-04-26,26067.77,705
2021-05-03,22029.95,531
2021-05-03,2573.96,41
2021-05-10,25768.4,644
2021-05-17,32955.42,1064
2021-05-24,30095.48,849
2021-05-31,30319.24,917
2021-06-07,402.48,12
2021-06-07,47580.63,1458
2021-06-14,74944.92,2156
2021-06-21,67949.49,2004
2021-06-28,80147.9,2540
2021-07-05,41472.46,1220
2021-07-05,36410.07,1217
2021-07-12,88913.38,2555
2021-07-19,63195.84,1835
2021-07-26,108205.89,3472
2021-08-02,110783.34,3512
2021-08-09,67123.85,1911
2021-08-16,107790.61,3739
2021-08-23,94082.96,3125
2021-08-30,61437.8,1818
2021-09-06,28320.64,894
2021-09-06,39684.77,1193
2021-09-13,45013.73,1601
2021-09-20,84249.39,3042
2021-09-27,85808.16,2923
2021-10-04,86592.13,2587
2021-10-04,10196.74,319
2021-10-11,49861.98,1690
2021-10-18,53101.8,1468
2021-10-25,95400.73,3327
2021-11-01,45819.32,1579
2021-11-08,60973.36,1525
2021-11-15,68874.9,2072
2021-11-22,154834.24,4920
2021-11-29,75182.89,2442
2021-12-06,56766.52,1897
2021-12-06,46109.72,1429
2021-12-13,59894.63,2165
2021-12-20,75353.09,2307
2021-12-27,78265.33,3190
2022-01-03,253419.07,8751
2022-01-10,61151.66,1813
2022-01-17,67097.08,2199
2022-01-24,66380.69,1959
2022-01-31,78368.78,2466
2022-02-07,12489.12,517
2022-02-07,41352.98,1259
2022-02-14,76175.59,2319
2022-02-21,54793.41,1933
2022-02-28,36521.19,1330
2022-03-07,20593.29,839
2022-03-07,37326.25,1064
2022-03-14,46336.55,1612
2022-03-21,40978.79,1243
2022-03-28,204187.62,7348
2022-04-04,134702.85,4917
2022-04-04,24069.35,505
2022-04-11,106116.17,3536
2022-04-18,82090.27,2343
2022-04-25,107398.21,3715
2022-05-02,82755.09,2263
2022-05-09,70007.41,2052
2022-05-16,111830.54,3758
2022-05-23,98559.31,2878
2022-05-30,99785.68,2922
2022-06-06,22054.76,685
2022-06-06,74136.29,2072
2022-06-13,108102.41,3159
2022-06-20,86321.38,2300
2022-06-27,96026.38,2911
2022-07-04,61687.64,1923
2022-07-04,31538.28,857
2022-07-11,96636.92,2694
2022-07-18,103878.45,3134
2022-07-25,106971.55,3152
2022-08-01,103513.91,3081
2022-08-08,106872.7,3624
2022-08-15,109065.1,3339
2022-08-22,125610.82,3829
2022-08-29,95672.95,3023
2022-09-05,55663.18,1491
2022-09-05,52790.92,1517
2022-09-12,80559.07,2429
2022-09-19,78125.08,2376
2022-09-26,92855.34,2723
2022-10-03,85437.6,2378
2022-10-03,5997.95,150
2022-10-10,100519.23,3165
2022-10-17,84850.11,2351
2022-10-24,86327.86,2477
2022-10-31,103916.11,3139
2022-11-07,19077.24,638
2022-11-07,71740.59,2176
2022-11-14,92553.38,2729
2022-11-21,90474.52,2656
2022-11-28,60952.92,1800
2022-12-05,49826.2,1424
2022-12-05,35587.26,1168
2022-12-12,77152.5,2344
2022-12-19,51702.2,1624
2022-12-26,43090.26,1316
2023-01-02,-2748.08,1847
2023-01-02,64451.4,1681
2023-01-09,95557.81,2660
2023-01-16,80745.87,2074
2023-01-23,68720.14,1858
2023-01-30,26748.16,839
2023-01-30,40415.32,1166
2023-02-06,73769.94,2068
2023-02-13,82000.13,2290
2023-02-20,90381.35,2379
2023-02-27,24303.1,640
2023-02-27,55524.28,1380
2023-03-06,104696.15,2747
2023-03-13,86977.78,2628
2023-03-20,66278.46,1778
2023-03-27,80359.18,2223
2023-03-27,1789.89,55
2023-04-03,68937.52,1763
2023-04-10,88416.07,2624
2023-04-17,97587.35,2599
2023-04-24,67404.52,1668
2023-05-01,84488.32,2215
2023-05-08,74045.33,2100
2023-05-15,99170.92,2637
2023-05-22,105423.08,3098
2023-05-29,45347.17,1479
2023-05-29,39464.12,941
2023-06-05,104698.81,2555
2023-06-12,86930.07,2377
2023-06-19,76784.41,1726
2023-06-26,94758.84,2387
2023-06-26,10993.72,348
2023-07-03,52632.46,1531
2023-07-10,75641.08,2067
2023-07-17,85011.3,2085
2023-07-24,76623.93,2062
2023-07-31,15573.94,403
2023-07-31,87830.36,2238
2023-08-07,79524.59,2066
2023-08-14,68328.13,1883
2023-08-21,86698.73,2467
2023-08-28,68392.29,2123
2023-08-28,31000.37,754
2023-09-04,66974.38,1841
2023-09-11,71670.35,1889
2023-09-18,90477.88,2358
2023-09-25,82347.98,2430
2023-10-02,73184.06,2168
2023-10-09,77319.95,2521
2023-10-16,87805.5,2382
2023-10-23,74181.26,1953
2023-10-30,22496.61,736
2023-10-30,66508.29,2158
2023-11-06,83196.53,2365
2023-11-13,77375.13,2008
2023-11-20,49101.3,1060
2023-11-27,62758.38,1474
2023-11-27,16139.99,430
2023-12-04,82105.64,1933
2023-12-11,80765.94,1914
2023-12-18,57373.68,1447
2023-12-25,-130050.68,735
2024-01-01,45218.86,1232
2024-01-08,58432.4,1544
2024-01-15,46643.4,1177
2024-01-22,64652.93,1838
2024-01-29,32732.28,836
2024-01-29,27343.15,771
2024-02-05,75773.58,2050
2024-02-12,85189.65,2127
2024-02-19,83739.52,2004
2024-02-26,56920.57,1344
2024-02-26,34881.8,1076
2024-03-04,88122.24,1830
2024-03-11,82306.3,1725
2024-03-18,63577.2,1326
2024-03-25,72577.21,1657
2024-04-01,90898.93,1973
2024-04-08,60429.57,1318
2024-04-15,92451.91,2164
2024-04-22,89043.1,2099
2024-04-29,26335.25,651
2024-04-29,54504.93,1272
2024-05-06,80744.73,1835
2024-05-13,70166.39,1651
2024-05-20,67588.67,1536
2024-05-27,40259.17,843
